titulo,ranking
Rust,10
Black Myth: Wukong,12
Baldur's Gate 3,11
Cyberpunk 2077,42
Snowbreak: Containment Zone,62
Cyberpunk 2077: Phantom Liberty,97
THE KING OF FIGHTERS XV,127
Grand Theft Auto: San Andreas – The Definitive Edition,131
Assassin's Creed® Origins,96
SOULCALIBUR VI,177
Summer Memories,218
SCUM,207
DEAD OR ALIVE 6,211
魔女的夜宴,248
Winter Memories,266
Outlast,316
Phantasy Star Online 2 New Genesis,320
Conan Exiles,295
ATRI -My Dear Moments-,360
Outlast 2,344
The Witcher 3: Wild Hunt,311
House Party,383
The Elder Scrolls V: Skyrim Anniversary Upgrade,399
Summer Memories+ - Expansion DLC,450
Total War: PHARAOH,363
The Sims™ 3,439
Expansion - Hearts of Iron IV: By Blood Alone,406
Angel Tear: Goddess Betrayed,409
Living With Sister: Monochrome Fantasy,442
Assassin's Creed Valhalla,471
Dusk Pub,430
Heavy Rain,477
Soul Dossier,390
Action Taimanin,410
Kingdom Come: Deliverance,519
A Way Out,549
BlazBlue Centralfiction,765
Muse Dash,658
Street Fighter V,612
Baldur's Gate 3 - Digital Deluxe Edition DLC,588
Angel Legion,766
Mass Effect™ Legendary Edition,725
Rust - Sunburn Pack,693
Crush Crush,707
The Texas Chain Saw Massacre,831
Resident Evil Village,753
High On Life,672
美女，请别影响我学习,798
Devil May Cry 5,782
Azure Orphanage,804
Book Of Yog Idle RPG 依盖之书,1091
Outlast: Whistleblower DLC,1045
Black Myth: Wukong Mejora a edición Deluxe,1252
South Park™: The Fractured But Whole™,1484
Monster Prom,1377
NieR:Automata™,1222
Scorn,1173
SNK HEROINES Tag Team Frenzy,1366
The Quarry,1560
Magical Girl Celesphonia,1306
Wolfenstein II: The New Colossus,1535
Princess Project,1127
Autopsy Simulator,1224
Attack on Titan 2 - A.O.T.2,1436
Fahrenheit: Indigo Prophecy Remastered,1419
Blasphemous,1655
Bloodstained: Ritual of the Night,1690
Tropical Paradise Costume & Movie Set,2841
House Party - Detective Liz Katz in a Gritty Kitty Murder Mystery Expansion Pack,1602
GWENT: The Witcher Card Game,1376
GGST Additional Character 13 - Slayer,2613
Blush Blush,1961
Far Cry 3,1491
Shadowverse CCG,1244
Taboo Trial,1525
FINAL FANTASY XV WINDOWS EDITION,1557
Enishia and the Binding Brand,1550
South Park™: The Stick of Truth™,1762
The Imperial Gatekeeper,1722
Conan Exiles: Isle of Siptah,1771
KILL la KILL -IF,1987
VALKYRIE CONNECT,1342
Pathfinder: Wrath of the Righteous - Commander Pack,1657
Necromunda: Hired Gun,1801
VR Kanojo / VRカノジョ,2458
Pillars of Eternity II: Deadfire,2284
The Dark Pictures Anthology: Man of Medan,2014
To Be or Not to Be,1967
港詭實錄ParanormalHK,1828
NieR Replicant™ ver.1.22474487139...,2023
撩妹模拟器：渣男的秘密,1744
Exanima,1959
Deluxe Edition de Mass Effect™: Andromeda,2050
Life is Strange 2,1689
Ryse: Son of Rome,1867
CUSTOM ORDER MAID 3D2 It's a Night Magic,1588
Love n Life: Lucky Teacher,1750
黄毛漂流记,2269
Ambrosia,2060
Soulworker,1951
Yakuza: Like a Dragon,3963
Subsistence,1872
Blood Trail,2468
Miss Neko: Pirates,2298
圣女战旗 Banner of the Maid,2296
Streamer Life Simulator,2230
FAIRY TAIL,2888
The Rumble Fish 2,2691
DEAD RISING®,2065
The Witcher 2: Assassins of Kings Enhanced Edition,2196
Dead Island Definitive Edition,2142
Yi Xian: The Cultivation Card Game,2543
Nitroplus Blasterz: Heroines Infinite Duel,2438
BlazBlue: Chronophantasma Extend,3078
My Special Summer Vacation 2,2704
Demons Roots,2816
Just Die Already,2425
"SAMURAI SHODOWN - DLC CHARACTER ""RIMURURU""",2617
SENRAN KAGURA Burst Re:Newal,3661
Rick and Morty: Virtual Rick-ality,0
Let's Go! My Harem Farm,2411
"SAMURAI SHODOWN - DLC CHARACTER ""KAZUKI KAZAMA""",2678
"SAMURAI SHODOWN - DLC CHARACTER ""BASARA""",2680
"SAMURAI SHODOWN - DLC CHARACTER ""WAN-FU""",2682
The Witcher 3: Wild Hunt - Blood and Wine,2656
Granny Simulator,3032
Café Stella and the Reaper's Butterflies,2379
DOA6 THE KING OF FIGHTERS XIV Mashup Content Set,2561
Ideology in Friction,2772
Riddle Joker,3095
The Witcher: Enhanced Edition Director's Cut,2627
勾八麻将(J8 Mahjong),3037
SCUM Supporter Pack,2398
Sword Art Online: Fatal Bullet,3964
POSTAL 2: Paradise Lost,3236
Sheryl ~The Alchemist of the Island Ruins~,3280
Treasure Hunter Claire,2797
Succumate,2485
NEKOPARA Vol. 1,3537
Mafia III: Definitive Edition,2413
SUCCUBUS,3583
The Saboteur™,2540
Muv-Luv (マブラヴ),3160
劍俠．風塵戀曲,2595
Prison Architect - Going Green,3456
Bayonetta,3697
"SAMURAI SHODOWN - DLC CHARACTER ""SOGETSU KAZAMA""",3020
"SAMURAI SHODOWN - DLC CHARACTER ""MINA MAJIKINA""",3024
"SAMURAI SHODOWN - DLC CHARACTER ""IROHA""",2997
Dungeon's Legion,2370
"SAMURAI SHODOWN - DLC CHARACTER ""WARDEN""",3014
"SAMURAI SHODOWN - DLC CHARACTER ""BAIKEN""",3076
Succubus Affection,2884
"SAMURAI SHODOWN - DLC CHARACTER ""CHAM CHAM""",3158
Danganronpa Another Episode: Ultra Despair Girls,3096
GGST Additional Character 10 - Johnny,5234
"SAMURAI SHODOWN - DLC CHARACTER ""HIBIKI TAKANE""",3116
The Texas Chain Saw Massacre - Hands,3053
Detective Girl of the Steam City,3549
Daymare: 1998,3510
My Life as a Cult Leader,3087
Pray Game,2671
Nueva entrega de New Tales from the Borderlands,2928
Conan Exiles - Debaucheries of Derketo Pack,3440
Hand Simulator,3388
The Witcher 3: Wild Hunt - Hearts of Stone,3149
Metro: Last Light Redux,3082
DOA6 Character: Tamaki,3343
DOA6 Character: Mai Shiranui,3463
The Rumble Fish +,3708
Crawling Lab,3691
Mortal Shell,3400
Internet Cafe Simulator,3731
Phantasy Star Online 2 New Genesis - [SALE] 10000AC Exchange Ticket,2550
Home Sweet Home : Online,3353
Momodora: Moonlit Farewell,4540
The Texas Chain Saw Massacre - Maria,3897
APB Reloaded,3155
SWORD ART ONLINE Alicization Lycoris,4777
Dungeon ∞ Create,2755
Amnesia: Rebirth,3509
Conan Exiles - People of the Dragon Pack,3421
LET IT DIE,3928
Scars of Summer,4585
AI＊Shoujo/AI＊少女,3520
The Police Mystery,2876
Thief,4351
Prison Architect - Perfect Storm,3488
Dawn of Man,3044
DOA6 Character: Kula Diamond,3657
Fallen ~Makina and the City of Ruins~,3283
GreedFall,0
GGST Additional Character 3 - Happy Chaos,5422
The Symbiant,3429
Fate/EXTELLA LINK,7365
League of Angels: Pact,2911
5D Chess With Multiverse Time Travel,3267
Brave Alchemist Colette,3628
Sword and Fairy 7,2994
Mist Survival,3658
Idol Manager,4924
Seifuku Kanojo,3314
Lilitales,3841
Sniper Ghost Warrior 3,3754
BERSERK and the Band of the Hawk,2973
Conan Exiles - Seekers of the Dawn Pack,4356
Disgaea 5 Complete,0
Hush Hush - Only Your Love Can Save Them,4949
Bloodstained: Ritual of the Night - Modo clásico II: la maldición de Dominique,4393
Prison Architect - Second Chances,4045
Dream Daddy: A Dad Dating Simulator,5339
False Myth,4653
Eris Dysnomia,4297
Nioh: Complete Edition,4057
Samurai Vandalism,3674
Prison Architect - Island Bound,3358
Do Not Feed the Monkeys,4386
Noelle Does Her Best!,3797
Conan Exiles - Blood and Sand Pack,4491
Princesses Never Lose!,5631
DRAMAtical Murder,3156
DOA6 Character: Nyotengu,3995
Conan Exiles - Architects of Argos Pack,4338
Catherine Classic,4342
DOA6 Character: Momiji,4404
DOA6 Character: Rachel,4199
Alice in the Nightmare Land,4918
FATAL FRAME / PROJECT ZERO: Maiden of Black Water,4174
Dead Rising 4,2763
Sister Travel,4336
Dead Island: Riptide Definitive Edition,4852
Strip Fighter ZERO,4751
Miss Neko 3,4230
Life is Strange 2 - Episode 3,3910
Prison Architect - Psych Ward: Warden's Edition,3882
Conan Exiles - Treasures of Turan Pack,4236
Conan Exiles - Riders of Hyboria Pack,5064
The Song of Saya,3915
LIGHTNING RETURNS™: FINAL FANTASY® XIII,7018
The Curse of Kubel,4366
雀皇麻雀,3451
Skyforge,4106
MUSYNX,4047
Princess Maker 2 Refine,3914
Legend of the Master Baiter,3825
Attack on Titan / A.O.T. Wings of Freedom,4801
常轨脱离Creative,5100
My Island,0
The Symbiant Re:Union,6092
Incubus Quest,5092
Saint Emiliana,5820
DATE A LIVE: Rio Reincarnation,8298
I'm on Observation Duty,0
Wizardry: The Five Ordeals,6203
F.E.A.R. 2: Project Origin,3031
Postal III,5173
Public Defense Corp,4630
Re:BF,4581
狂気より愛をこめて,4899
Easy Pose,0
Chevalier Historie,3758
NEKOPARA Vol. 2,7213
The Elder Scrolls®: Legends™,6337
Bound by Love,4147
NEKOPARA Vol. 3,8287
Arcana Heart 3 LOVE MAX!!!!!,5292
And the Hero Was Never Seen Again,4250
The Walking Dead: Destinies,7204
The Texas Chain Saw Massacre - Virginia,6240
Conan Exiles - The Imperial East Pack,4298
The LEGO® NINJAGO® Movie Video Game,0
The Texas Chain Saw Massacre - Nancy,6653
Vampire: The Masquerade - Coteries of New York,5058
DISSIDIA FINAL FANTASY NT Free Edition,3364
Tear and the Library of Labyrinths,4435
Princess Maker2 Regeneration,0
League of Angels-Heaven's Fury,8457
Forsaken Quartet,3972
NEKOPARA Vol. 4,5224
Conan Exiles - Jewel of the West Pack,5165
The Scarlet Demonslayer,5513
Royal Alchemist,0
Wonderful Everyday Down the Rabbit-Hole,5278
RaiOhGar: Asuka and the King of Steel,4945
美少女万华镜 -理与迷宫的少女-,6688
Nameless ~The one thing you must recall~,0
Maitetsu:Last Run!!,7400
Conan Exiles - The Riddle of Steel,5232
恋爱关系/Romance,4684
YOU and ME and HER: A Love Story,3114
White Day: A Labyrinth Named School,7583
Sakura Dungeon,5373
SENRAN KAGURA Peach Beach Splash,6489
GGST Additional Character 1 - Goldlewis Dickinson,0
Koihime Enbu 恋姫†演武,0
Amnesia: The Dark Descent,3950
How to Build a Magnificent Kingdom,6005
Outward: The Three Brothers,5949
Niplheim's Hunter - Branded Azel,4739
Castlevania: Lords of Shadow – Ultimate Edition,9045
Tricolour Lovestory,5282
Haydee 2,0
Apostle: Rebellion,5251
Little Busters! English Edition,0
Dusk Pub - OST,4727
私のリアルは充実しすぎている フルボイス版,5810
Ruins Seeker,4361
DEAD OR SCHOOL,5229
Vampire Mansion,6032
Armored Suit Solgante,5360
Tormented Souls,6387
SENRAN KAGURA ESTIVAL VERSUS,8264
Liz ~The Tower and the Grimoire~,5426
Ark Mobius: Censored Edition,4824
Leanna's Slice of Life,4671
僵尸禁地:艾希,6033
Tina: Swordswoman of the Scarlet Prison,6164
PAYDAY 2: h3h3 Character Pack,5488
Kuroinu Redux,0
Real Dive World,0
Succubus Prison,6354
Home Sweet Home,5183
Succubus Farm,6105
The Council,5850
Альтушка для скуфа,4641
Dies irae ~Amantes amentes~,4995
Abyss School,6351
Duke Nukem 3D: 20th Anniversary World Tour,4795
The Fruit of Grisaia,7123
嗜血印 Bloody Spell,6953
Slave's Sword,5105
Tales of Berseria™,0
The Texas Chain Saw Massacre - Danny,6825
Shera and the Three Treasures,6453
The Vagrant,6301
Aokana - Four Rhythms Across the Blue - EXTRA2,7410
The Black Guards of Odom - Desert Town Prison,6432
SENRAN KAGURA SHINOVI VERSUS,5939
Seven: Enhanced Edition,6302
Muv-Luv photonmelodies♮,7101
Haydee,0
Obscurite Magie: The City of Sin,0
禁忌试炼 Taboo Trial DLC 诗蔻蒂,5439
President Yukino,5942
禁忌试炼 Taboo Trial DLC 斯卡蒂,5419
The Heart of Darkness,8426
GOD EATER 2 Rage Burst,0
Demon Queen Melissa,4495
Martha Is Dead,4745
Fallen Saint Yhoundeh,6060
Phantasy Star Online 2 New Genesis - [SALE] 1000AC Exchange Ticket,6309
Fleeting Iris,8897
Explorer of Yggdrasil,4849
Mira and the Mysteries of Alchemy,6153
That Time I Got Reincarnated as a Succubus,0
Muv-Luv photonflowers*,6580
CHAOS;CHILD,6715
Welcome to the Game II,5972
Blood and Bacon,8780
Fox Girls Never Play Dirty,5758
Divine Miko Koyori,4868
女神保卫战,7348
NEKO-NIN exHeart,6328
Lunar Mirror:The Pavilion of Desire,5281
Devil May Cry 5 - 1000000 Red Orbs,6597
Kingdom Come: Deliverance – The Amorous Adventures of Bold Sir Hans Capon,5443
The Void Rains Upon Her Heart,8208
The Texas Chain Saw Massacre - Julie Outfit Pack 2,6839
Terrible Laboratory,7207
Lunar Mirror,8290
Alternate DiMansion Diary,0
Genital Jousting,7485
僵尸禁地:艾瑞利亚,0
Country Bumpkin Yutaka,6073
Bright Memory,8911
Emily Wants To Play,6757
Mirror: The Lost Shards,6761
SpellForce 3 Reforced,5032
Saints Row: Gat out of Hell,0
The Texas Chain Saw Massacre - Nicotero Leatherface,6826
Pool Nation FX Lite,8800
Milky Quest II,6651
NEKO-NIN exHeart 3,7357
Welcome to the Adventurer Inn!,6746
Yihongyuan,6669
Kozue's Strange Journey,7836
Aokana - Four Rhythms Across the Blue - EXTRA1,8773
Miss Neko 2,6775
Live the Life,5358
Mysteria ~Occult Shadows~,6777
Devil May Cry 5 - Personaje jugable: Vergil,5706
Mother Russia Bleeds,0
Kunoichi Demon Slayers,0
Ideology in Friction Append,5677
The World's Egg - For Those Who Dream,5540
Labyrinth of Refrain: Coven of Dusk,6718
Tower of Ardia,7561
NEKO-NIN exHeart 2,6378
Cookie Cutter,7205
Nope Nope Nope Nurses,0
Castaway of the Ardusta Sea,0
Risen 3 - Titan Lords,0
Some Some Convenience Store,0
Belial Red,5680
Furry Feet,7559
Curse Errant,6957
溶鉄のマルフーシャ,7832
Tailor Tales,8644
I'm on Observation Duty 2,8384
Knights College,6477
Kotoko's a Little Weird,8896
Furry Myth 🦁,6928
Noel the Mortal Fate S1-7,0
Kingdom Under Fire: The Crusaders,8932
Thea: The Awakening,0
Lucius,7960
Nebel Geisterjäger ~ The First Lamb,0
Unforgiving - A Northern Hymn,7233
Anime vs Evil: Apocalypse,6456
X-Blades,7941
Pixel Worlds: MMO Sandbox,6501
YUME 4,8650
Hyperdimension Neptunia Re;Birth1,6796
Kunoichi Botan,5162
Fate/EXTELLA,0
Survisland / 实境求生,0
Archetype Arcadia,7619
Find Yourself,0
Dark Hero Party,0
Kinkoi: Golden Time,0
SENRAN KAGURA Peach Beach Splash - DOAX3 Collaboration Pack,7693
Demon Slayer Shion,0
The Texas Chain Saw Massacre - Ana Outfit Pack 2,0
eden*,8061
Escape from Fortress Lugohm,8172
Pizza Connection 3,7653
Panty Party,7173
Lucius III,9014
Nope Nope Nurses,0
Atomic Heart - Labor & Science Weapon Skin Pack,6810
The Dead End,0
Island of Penance,6517
Sylphy and the Sleepless Island,7015
WorkPlaceRhapsody-Beach,7462
GunSoul Girl 2,8157
Goblin Conqueror,8602
Leisure Suit Larry - Wet Dreams Dry Twice,5954
Obscurite Magie: The Blood of Kings,0
Closers,8289
Like a Dragon: Ishin!,3190
South Park™: The Fractured But Whole™ - Bring The Crunch,0
Leisure Suit Larry - Magna Cum Laude Uncut and Uncensored,0
Eternal Dread 3,0
BLUE REFLECTION: Second Light,8321
Seed of Evil,8921
Lost2,0
Minako: Beloved Wife in the Countryside,0
Lilipalace,7414
South Park™: The Fractured But Whole™ - From Dusk Till Casa Bonita,0
Fight Angel Special Edition,7466
The Texas Chain Saw Massacre - Sonny Outfit Pack 2,5148
Hot And Lovely ：Suger,8905
How a Retired Strategist Saved the Country,8857
Seek Girl:Fog Ⅰ,0
Slave's Sword 2,7684
Find Love or Die Trying,9025
AKIBA'S TRIP: Undead ＆ Undressed,7588
Muv-Luv Unlimited: The Day After - Episode 01,0
River City Girls,0
The Texas Chain Saw Massacre - Execution Pack 3,5399
TRATRITLE,0
永恒幻境 Eternal Dreamland,0
Love Esquire - RPG/Dating Sim/Visual Novel,0
The Red Strings Club,7081
GOMA AYAKAZE,0
Mato Anomalies,0
Kingpin: Reloaded,0
TSUNDERE MILFIN,0
Chasing Tails ~A Promise in the Snow~,7044
The Monstrous Horror Show,0
Princess of Zeven,7850
Yokai's Secret,8135
Taimanin Asagi,7602
Kurone's Feelings,8076
恋爱关系/Romance - Final,8500
Secret Pie Soundtrack,6781
Devil May Cry 5 - Taunt Trio,8514
VenusBlood FRONTIER International,8437
Burrow of the Fallen Bear: A Gay Furry Visual Novel,6840
The Ballad Singer,0
La última santa,0
Max Gentlemen Sexy Business!,0
Stigmata of Sacrilege,7676
Welcome to the Game,0
Dex,8448
LipTrip ~My Boss Is My Heat Suppressant?!~,8501
Loretta's Brand-New Job,8180
West Sweety,0
Country Girl Keiko,7273
Blue Estate The Game,9105
The Complex,0
9-nine-:Episode 4,0
Sword Art Online: Lost Song,8197
Magical Swordmaiden,0
Shadow Warrior Classic Redux,8649
Trapped on Monster Island,8517
Caladrius Blaze,0
Holy Knight Luviria,5528
DOA6 Mai Shiranui + Debut Costume Set,9026
Five Dates,0
Lagoon Lounge : The Poisonous Fountain,9063
Pixel Town: Akanemachi Sideshow,0
Dragon Princess is Hungry,8466
Love Delivery,0
