titulo,ranking
The First Descendant,3
Baldur's Gate 3,11
Lost Ark,23
Yu-Gi-Oh! Master Duel,66
Cyberpunk 2077: Phantom Liberty,97
Mortal Kombat 11,106
THE KING OF FIGHTERS XV,127
NEEDY GIRL OVERDOSE,169
Tom Clancy's Ghost Recon® Breakpoint,73
Grand Theft Auto: San Andreas – The Definitive Edition,131
Assassin's Creed® Origins,96
SOULCALIBUR VI,177
Atomic Heart,143
Summer Memories,218
It Takes Two Friend's Pass,0
活俠傳,217
DEAD OR ALIVE 6,211
Enlisted,254
Edición Completa de Horizon Forbidden West™,221
魔女的夜宴,248
Winter Memories,266
New World,271
Injustice™ 2,324
Phantasy Star Online 2 New Genesis,320
ATRI -My Dear Moments-,360
Outlast 2,344
Call of Duty®: Black Ops Cold War,449
House Party,383
DEVOUR,378
The Elder Scrolls V: Skyrim Anniversary Upgrade,399
Summer Memories+ - Expansion DLC,450
NosTale - Anime MMORPG,235
三国杀,374
DEAD OR ALIVE 5 Last Round: Core Fighters,462
WITCH ON THE HOLY NIGHT,512
Total War: PHARAOH,363
Living With Sister: Monochrome Fantasy,442
Angel Tear: Goddess Betrayed,409
Assassin's Creed Valhalla,471
Persona 5 Royal,498
Dusk Pub,430
Battlefield™ V,438
The Long Drive,412
Heavy Rain,477
Disco Elysium - The Final Cut,670
Soul Dossier,390
Action Taimanin,410
Class of '09,735
BlazBlue Centralfiction,765
A Way Out,549
Muse Dash,658
Crush Crush,707
Baldur's Gate 3 - Digital Deluxe Edition DLC,588
Mass Effect™ Legendary Edition,725
High On Life,672
Like a Dragon: Infinite Wealth,614
Angel Legion,766
Resident Evil Village,753
Los Sims™ 4 ¡A Trabajar!,754
美女，请别影响我学习,798
Los Sims™ 4 Años High School Pack de Expansión,949
Love Is All Around,939
麻雀一番街,890
SILENT HILL 2,981
Astral Party,732
The Elder Scrolls V: Skyrim VR,927
大侠立志传,913
The Sims™ 4 Seasons,922
Devil May Cry 5,782
Internet Cafe Simulator 2,967
CLICKOLDING,1051
Azure Orphanage,804
Life is Strange Remastered,1107
Vampyr,990
Muse Dash - Muse Plus,1046
Book Of Yog Idle RPG 依盖之书,1091
Outlast: Whistleblower DLC,1045
Resident Evil 3,1406
Scorn,1173
Monster Prom,1377
Live2DViewerEX,1360
Yakuza 0,1322
Five Nights at Freddy's: Help Wanted 2,1101
SNK HEROINES Tag Team Frenzy,1366
Magical Girl Celesphonia,1306
Dead By Daylight - Silent Hill Chapter,1196
Princess Project,1127
Autopsy Simulator,1224
Dead by Daylight - Resident Evil Chapter,1368
Dead by Daylight - Resident Evil: PROJECT W Chapter,1287
The Quarry,1560
Fate/Samurai Remnant,1631
Attack on Titan 2 - A.O.T.2,1436
South Park™: The Fractured But Whole™,1484
GWENT: The Witcher Card Game,1376
Dragon Age™ Inquisition,1474
暖雪 Warm Snow,1632
Tropical Paradise Costume & Movie Set,2841
Taboo Trial,1525
House Party - Detective Liz Katz in a Gritty Kitty Murder Mystery Expansion Pack,1602
Blush Blush,1961
Pathfinder: Kingmaker — Enhanced Plus Edition,1526
GGST Additional Character 13 - Slayer,2613
The Dungeon Of Naheulbeuk: The Amulet Of Chaos,1249
"",216
Shadowverse CCG,1244
The Imperial Gatekeeper,1722
Enishia and the Binding Brand,1550
Bloodstained: Ritual of the Night,1690
港詭實錄ParanormalHK,1828
KILL la KILL -IF,1987
Lost Ark: Paquete de aceleración,2457
Bless Unleashed,2226
Deluxe Edition de Mass Effect™: Andromeda,2050
Doki Doki Literature Club Plus!,1865
To Be or Not to Be,1967
Drive Me Crazy,1629
Wasteland 3,2223
A.V.A Global,2386
CUSTOM ORDER MAID 3D2 It's a Night Magic,1588
VALKYRIE CONNECT,1342
撩妹模拟器：渣男的秘密,1744
Life is Strange 2,1689
VR Kanojo / VRカノジョ,2458
Rogue Company,2788
Toram Online,1596
Changed,2233
The Dark Pictures Anthology: Man of Medan,2014
Love n Life: Lucky Teacher,1750
黄毛漂流记,2269
Atelier Resleriana: Forgotten Alchemy and the Polar Night Liberator,1637
Ambrosia,2060
Breakers Collection,2524
Like a Dragon Gaiden: The Man Who Erased His Name,3005
Barony: Legends & Pariahs,2337
圣女战旗 Banner of the Maid,2296
Nitroplus Blasterz: Heroines Infinite Duel,2438
Barony: Myths & Outcasts,2204
The Rumble Fish 2,2691
Wedding Witch,1993
Miss Neko: Pirates,2298
FAIRY TAIL,2888
Riddle Joker,3095
总裁你想和谁谈恋爱,2133
Streamer Life Simulator,2230
Muv-Luv Alternative (マブラヴ オルタネイティヴ),2854
Demons Roots,2816
Yakuza: Like a Dragon,3963
Atelier Ryza 2: Lost Legends & the Secret Fairy,1227
"Los Sims™ 4 ¡Sí, Quiero! Pack de Contenido",2115
"",216
Soulworker,1951
My Special Summer Vacation 2,2704
Far Cry® Primal,1978
Café Stella and the Reaper's Butterflies,2379
Dragon Age II: Ultimate Edition,2369
Persona 4 Arena Ultimax,3276
Just Die Already,2425
Fallout 4 Nuka-World,3018
劍俠．風塵戀曲,2595
The Witcher 3: Wild Hunt - Blood and Wine,2656
Yakuza Kiwami,3311
勾八麻将(J8 Mahjong),3037
Succumate,2485
DOA6 THE KING OF FIGHTERS XIV Mashup Content Set,2561
Treasure Hunter Claire,2797
Dungeon's Legion,2370
Muv-Luv (マブラヴ),3160
Los Sims™ 4 Decoración Vegetal - Kit,3084
Ideology in Friction,2772
SENRAN KAGURA Burst Re:Newal,3661
POSTAL 2: Paradise Lost,3236
Super Mecha Champions,3266
Sheryl ~The Alchemist of the Island Ruins~,3280
My Life as a Cult Leader,3087
Daymare: 1998,3510
The Symbiant,3429
DYNASTY WARRIORS 9 Empires,3971
Minecraft Legends,2924
GGST Additional Character 4 - Baiken,4987
Petit Game Collection vol.1,3159
NEKOPARA Vol. 1,3537
Succubus Affection,2884
171,3219
Bum Simulator,3335
Yakuza Kiwami 2,4143
大侠立志传：碧血丹心 - DLC,3099
Pray Game,2671
Detective Girl of the Steam City,3549
In Search Of You,3601
Mortal Shell,3400
The Police Mystery,2876
Home Sweet Home : Online,3353
Dungeon ∞ Create,2755
GGST Additional Character 10 - Johnny,5234
Dead Rising 2: Off the Record,3448
Sword Art Online: Fatal Bullet,3964
DOA6 Character: Tamaki,3343
DOA6 Character: Mai Shiranui,3463
Hand Simulator,3388
The Rumble Fish +,3708
Persona 3 Portable,3387
Fallout 4 VR,2001
Danganronpa Another Episode: Ultra Despair Girls,3096
Crawling Lab,3691
Phantasy Star Online 2 New Genesis - [SALE] 10000AC Exchange Ticket,2550
Hush Hush - Only Your Love Can Save Them,4949
Internet Cafe Simulator,3731
Raging Loop,3482
The Song of Saya,3915
Brave Alchemist Colette,3628
SUCCUBUS,3583
AI＊Shoujo/AI＊少女,3520
Dream Daddy: A Dad Dating Simulator,5339
The Cosmic Wheel Sisterhood,2659
GreedFall,0
Live2DViewerEX - Spine Expansion,3122
Alice in the Nightmare Land,4918
Choo-Choo Charles,2727
LET IT DIE,3928
Scars of Summer,4585
Granblue Fantasy: Versus,5354
Fallen ~Makina and the City of Ruins~,3283
DOA6 Character: Kula Diamond,3657
Fate/EXTELLA LINK,7365
League of Angels: Pact,2911
GGST Additional Character 3 - Happy Chaos,5422
Idol Manager,4924
Bayonetta,3697
Bio Inc. Redemption,4006
Tales of Berseria™,0
Sucker for Love: Date to Die For,3252
Sword and Fairy 7,2994
Seifuku Kanojo,3314
Re:BF,4581
BERSERK and the Band of the Hawk,2973
TOGETHER BnB,3058
Twelve Minutes,3135
FATAL FRAME / PROJECT ZERO: Maiden of Black Water,4174
Life is Strange 2 - Episode 2,3828
Dies irae ~Amantes amentes~,4995
Lilitales,3841
Eris Dysnomia,4297
Bloodstained: Ritual of the Night - Modo clásico II: la maldición de Dominique,4393
Noelle Does Her Best!,3797
YOU and ME and HER: A Love Story,3114
风帆纪元 Sailing Era,4210
MUSYNX,4047
Accel World VS. Sword Art Online Deluxe Edition,0
Strip Fighter ZERO,4751
Strip Fighter 5: Chimpocon Edition,4808
False Myth,4653
Disgaea 5 Complete,0
Do Not Feed the Monkeys,4386
Samurai Vandalism,3674
DATE A LIVE: Rio Reincarnation,8298
Sister Travel,4336
Animation Throwdown: The Quest for Cards,3349
Bright Memory: Infinite,4861
The Symbiant Re:Union,6092
葬花·暗黑桃花源,4545
The Curse of Kubel,4366
DOA6 Character: Nyotengu,3995
DRAMAtical Murder,3156
DOA6 Character: Momiji,4404
Miss Neko 3,4230
DOA6 Character: Rachel,4199
Sucker for Love: First Date,4395
My Island,0
Haven,3994
女神全部锁定我 Beauties! They're All After Me,4153
Project: Gorgon,3774
Saint Emiliana,5820
Seed of the Dead: Sweet Home,3259
FATAL FRAME / PROJECT ZERO: Mask of the Lunar Eclipse,4519
Catherine Classic,4342
Life is Strange 2 - Episode 3,3910
雀皇麻雀,3451
Life is Strange 2 - Episode 4,4200
Princesses Never Lose!,5631
1v1.LOL - Battle Royale Game,5161
And the Hero Was Never Seen Again,4250
NUKITASHI,8277
Life is Strange 2 - Episode 5,4156
Incubus Quest,5092
killer7,5599
Vampire: The Masquerade - Shadows of New York,5293
Dead Island: Riptide Definitive Edition,4852
Legend of the Master Baiter,3825
Bulletstorm: Full Clip Edition,3935
Necromunda: Underhive Wars,4416
Chevalier Historie,3758
Bound by Love,4147
美少女万华镜 -理与迷宫的少女-,6688
Danganronpa S: Ultimate Summer Camp,7247
Atelier Ryza: Ever Darkness & the Secret Hideout,4131
Momodora: Moonlit Farewell,4540
Public Defense Corp,4630
NEKOPARA Vol. 4,5224
Spiral Dystopia,5009
Postal III,5173
Resist the succubus—The end of the female Knight,7341
Forsaken Quartet,3972
The Walking Dead: Destinies,7204
Tear and the Library of Labyrinths,4435
Arcana Heart 3 LOVE MAX!!!!!,5292
Real Dive World,0
常轨脱离Creative,5100
SWORD ART ONLINE Alicization Lycoris,4777
Succubus Farm,6105
RaiOhGar: Asuka and the King of Steel,4945
DISSIDIA FINAL FANTASY NT Free Edition,3364
Vampire: The Masquerade - Coteries of New York,5058
SENRAN KAGURA Peach Beach Splash,6489
Tricolour Lovestory,5282
Niplheim's Hunter - Branded Azel,4739
AI: The Somnium Files,0
Easy Pose,0
Leanna's Slice of Life,4671
Wasteland 3: The Battle of Steeltown,5967
GGST Additional Character 1 - Goldlewis Dickinson,0
The Medium,0
恋爱关系/Romance,4684
Vampire Mansion,6032
NEKOPARA Vol. 2,7213
Aokana - Four Rhythms Across the Blue - EXTRA2,7410
NEKOPARA Vol. 3,8287
Tales Of Glory,6342
Ruins Seeker,4361
Sakura Dungeon,5373
狂気より愛をこめて,4899
KurtzPel,0
镇邪,5865
Abyss School,6351
私のリアルは充実しすぎている フルボイス版,5810
Labyrinth of Refrain: Coven of Dusk,6718
How to Build a Magnificent Kingdom,6005
Ark Mobius: Censored Edition,4824
甜心AI追捕计划,7476
Slave's Sword,5105
Maitetsu:Last Run!!,7400
TramSim Vienna - The Tram Simulator,4101
Kingdom Come: Deliverance – Band of Bastards,4738
古龙风云录,5424
Альтушка для скуфа,4641
Drawful 2,6257
僵尸禁地:艾希,6033
The Vagrant,6301
PAYDAY 2: h3h3 Character Pack,5488
Pathfinder: Kingmaker - Varnhold's Lot,6085
No More Heroes,0
Summer~Life in the Countryside~ +Outing,5473
Junkyard Truck,0
The Scarlet Demonslayer,5513
DEAD OR SCHOOL,5229
Apostle: Rebellion,5251
SKIBIDI BACKROOMS,5291
Paper Dolls: Original / 纸人,6603
Liz ~The Tower and the Grimoire~,5426
Muv-Luv photonmelodies♮,7101
The Fruit of Grisaia,7123
Kingdom Under Fire: The Crusaders,8932
Armored Suit Solgante,5360
Demon Queen Melissa,4495
SENRAN KAGURA SHINOVI VERSUS,5939
This Is the Police,7989
Yakuza 6: The Song of Life,5548
Tina: Swordswoman of the Scarlet Prison,6164
Super Seducer 2 - Advanced Seduction Tactics,6598
Welcome to the Game II,5972
CHAOS;HEAD NOAH,0
From The Darkness,4915
Shera and the Three Treasures,6453
White Day: A Labyrinth Named School,7583
禁忌试炼 Taboo Trial DLC 诗蔻蒂,5439
禁忌试炼 Taboo Trial DLC 斯卡蒂,5419
Muv-Luv photonflowers*,6580
Divine Miko Koyori,4868
That Time I Got Reincarnated as a Succubus,0
Strange Brigade,8258
Knights College,6477
Los Sims™ 4 Colores de Carnaval - Kit,0
Amnesia™: Memories,8890
Phantasy Star Online 2 New Genesis - [SALE] 1000AC Exchange Ticket,6309
Mira and the Mysteries of Alchemy,6153
Medal of Honor™: Above and Beyond,0
轮回修仙路,5696
Real Anime Situation! 2,5738
NYO-NIN-JIMA -My New Life in Charge of a Tropical Island-,0
嗜血印 Bloody Spell,6953
Border Officer,5038
The Black Guards of Odom - Desert Town Prison,6432
Fallen Saint Yhoundeh,6060
Is It Wrong to Repay the Debt in a Dungeon?,0
Fox Girls Never Play Dirty,5758
Livestream 2: Escape from Togaezuka Happy Place,0
Succubus Prison,6354
Project: Gorgon VIP Membership,3090
Terrible Laboratory,7207
Yokai Art: Night Parade of One Hundred Demons,6709
"",216
Explorer of Yggdrasil,4849
Obscurite Magie: The City of Sin,0
女神保卫战,7348
Epic Battle Fantasy 5,5454
Conjunto de trabajo especial de Like a Dragon: Infinite Wealth,6767
President Yukino,5942
Kingdom Come: Deliverance – The Amorous Adventures of Bold Sir Hans Capon,5443
Paquete de vacaciones de maestro Like a Dragon: Infinite Wealth,5968
Do Not Feed the Monkeys 2099,7317
Nebel Geisterjäger ~ The First Lamb,0
Fleeting Iris,8897
CHAOS;CHILD,6715
"",216
Kunoichi Botan,5162
Mysteria ~Occult Shadows~,6777
GunSoul Girl 2,8157
天命奇御二 Fate Seeker II,6661
Eternal Dread 3,0
Wonderful Everyday Down the Rabbit-Hole,5278
Super Seducer : How to Talk to Girls,8179
僵尸禁地:艾瑞利亚,0
"",216
Kunoichi Demon Slayers,0
Lunar Mirror:The Pavilion of Desire,5281
Mirror: The Lost Shards,6761
Aonatsu Line,5782
Tailor Tales,8644
Welcome to the Adventurer Inn!,6746
Lunar Mirror,8290
Yihongyuan,6669
Late Shift,4438
NEKO-NIN exHeart 3,7357
Aokana - Four Rhythms Across the Blue - EXTRA1,8773
Anime vs Evil: Apocalypse,6456
Atelier Ryza 3: Alchemist of the End & the Secret Key,4789
VenusBlood FRONTIER International,8437
Devil May Cry 5 - Personaje jugable: Vergil,5706
Mount Your Friends,6773
9-nine-:Episode 4,0
The World's Egg - For Those Who Dream,5540
StudioS Fighters: Climax Champions,0
FALL IN LABYRINTH,0
Kozue's Strange Journey,7836
Castaway of the Ardusta Sea,0
Bright Memory,8911
Seed of the Dead: Charm Song,5006
I'm on Observation Duty 2,8384
Panty Party,7173
The Dead End,0
Curse Errant,6957
Ficket: 追剧引擎,7392
My Furry Protogen 🐾,6109
Bad Guys at School,5915
拜托！明天和我恋爱吧,0
Milky Quest II,6651
Lost Ruins,0
Chasing Tails ~A Promise in the Snow~,7044
Island of Penance,6517
Kotoko's a Little Weird,8896
Stigmata of Sacrilege,7676
Thea: The Awakening,0
Yakuza 5 Remastered,5735
Welcome to the Game,0
Miss Neko 2,6775
Haydee,0
Pathfinder: Kingmaker - The Wildcards,6002
Country Bumpkin Yutaka,6073
Loretta's Brand-New Job,8180
NEKO-NIN exHeart,6328
Little Witch Nobeta,0
Taimanin Yukikaze,0
Escape from Fortress Lugohm,8172
Pawperty Damage,7395
Angels with Scaly Wings™ / 鱗羽の天使,0
Lilipalace,7414
YUME 4,8650
Alternate DiMansion Diary,0
Skibidi Toilet Hero,7806
Archetype Arcadia,7619
Kinkoi: Golden Time,0
Hello Lady! - Complete Edition,0
Sugar * Style,0
SENRAN KAGURA ESTIVAL VERSUS,8264
Seed of Evil,8921
SENRAN KAGURA Peach Beach Splash - DOAX3 Collaboration Pack,7693
Belial Red,5680
Tales of Arise - Paquete de atuendos de personajes clásicos y música de fondo con arreglos,0
TSUNDERE MILFIN,0
Furry Myth 🦁,6928
相亲攻略之宝贝别再选我了,8823
The Heart of Darkness,8426
Magical Swordmaiden,0
Muv-Luv Unlimited: The Day After - Episode 01,0
Demon Slayer Shion,0
Sylphy and the Sleepless Island,7015
Goblin Conqueror,8602
Leisure Suit Larry - Wet Dreams Dry Twice,5954
Shantae and the Seven Sirens,4290
WorkPlaceRhapsody-Beach,7462
Furry Feet,7559
Princess of Zeven,7850
NEKO-NIN exHeart 2,6378
Princess&Blade公主与利刃,7919
Closers,8289
Seek Girl:Fog Ⅰ,0
Genital Jousting,7485
BLUE REFLECTION: Second Light,8321
South Park™: The Fractured But Whole™ - Bring The Crunch,0
Maid of Sker,8953
Arcade Spirits,0
虚构未来（Imaginary future）,0
Fight Angel Special Edition,7466
Fluffy Store,8653
eden*,8061
South Park™: The Fractured But Whole™ - From Dusk Till Casa Bonita,0
The Letter - Horror Visual Novel,7874
Leisure Suit Larry - Magna Cum Laude Uncut and Uncensored,0
Nope Nope Nope Nurses,0
Apewar,8761
Tenioha! feat. Mami,0
Hot And Lovely ：Suger,8905
Sakura Succubus 8,7959
消防员康纳 - Firefighter Connor,8037
The Coma 2: Vicious Sisters,0
Paper Dolls 2 纸人贰,0
TRATRITLE,0
永恒幻境 Eternal Dreamland,0
Love Esquire - RPG/Dating Sim/Visual Novel,0
Dialtown: Phone Dating Sim,5686
Find Love or Die Trying,9025
GOMA AYAKAZE,0
Tower of Ardia,7561
Sakura Succubus,8637
Changed-OST,8488
West Sweety,0
Haydee 2,0
Kurone's Feelings,8076
Finnish Army Simulator,0
Some Some Convenience Store,0
"",216
Yokai's Secret,8135
恋爱关系/Romance - Final,8500
Secret Pie Soundtrack,6781
Trap Yuri Garden,6779
他人世界末 On-looker,0
La última santa,0
Slave's Sword 2,7684
Slaycation Paradise,6683
Burrow of the Fallen Bear: A Gay Furry Visual Novel,6840
Love Delivery,0
The Ballad Singer,0
Max Gentlemen Sexy Business!,0
Muv-Luv Unlimited: The Day After - Episode 03,0
Muv-Luv Unlimited: The Day After - Episode 02,0
UnderParty,0
Like a Dragon: Ishin!,3190
Evening Starter,0
Metro Sim Hustle,8233
9-nine-:Episode 2,7404
How a Retired Strategist Saved the Country,8857
Trapped on Monster Island,8517
Succubus x Saint,0
Holy Knight Luviria,5528
LipTrip ~My Boss Is My Heat Suppressant?!~,8501
The Complex,0
Dark Hero Party,0
みんなで空気読み。2 ～令和～,0
The Technomancer,0
Miss Neko,0
Love n War: Hero by Chance II,0
Pixel Game Maker MV / アクションゲームツクールMV,4871
Caladrius Blaze,0
AKIBA'S TRIP: Undead ＆ Undressed,7588
Taimanin Asagi,7602
Five Dates,0
Wasteland 3: Cult of the Holy Detonation,8128
Lagoon Lounge 2 : The Secret Roommate,6971
Dragon Princess is Hungry,8466
Pixel Town: Akanemachi Sideshow,0
MONMUSU * FIGHT!,0
The Monstrous Horror Show,0
DOA6 Mai Shiranui + Debut Costume Set,9026
"Warhammer 40,000: Inquisitor - Prophecy",0
Leviathan ~A Survival RPG~,0
Lagoon Lounge : The Poisonous Fountain,9063
Sakura Succubus 7,0
Kuroinu Redux,0
